{
    "ownerId": "none",
    "channels": {
        "channelLogsPrivId": "1270085344729235486",
        "channelLogsPublicId": "1208508528717733959",
        "categoryCartsId": "1258505331567362239"
    },
    "roles": {
        "roleCustomerId": "1258505387968041021"
    },
    "images": {
        "bannerUrl": "none",
        "thumbUrl": "none"
    },
    "embeds": {
        "color": "none"
    },
    "payments": {
        "mpAcessToken": "none",
        "paymentsOptions": {
            "pix": false,
            "balance": true,
            "site": false,
            "semiAuto": true
        }
    },
    "balance": {
        "bonusDeposit": 0,
        "minimumDeposit": 0
    },
    "semiAuto": {
        "pix": {
            "key": "ad",
            "keyType": "ada"
        },
        "qrCode": "https://cdn.discordapp.com/attachments/1216141282695708702/1218300310402105435/Barrinha.png?ex=66072994&is=65f4b494&hm=db6f9ce608da983495994a2c4fc49d18ead74fe8aacd8bd4e57edce96e02a392&"
    },
    "termsPurchase": "dsadsasad\nDsadsa\nDsa",
    "newSales": true
}